<?xml version="1.0" encoding="UTF-8"?>
<faces-config
    xmlns="http://java.sun.com/xml/ns/javaee"
    xmlns:xsi="http://www.w3.org/2001/XMLSchema-instance"
    xsi:schemaLocation="http://java.sun.com/xml/ns/javaee http://java.sun.com/xml/ns/javaee/web-facesconfig_1_2.xsd"
    version="1.2">
	<managed-bean>
		<managed-bean-name>test</managed-bean-name>
		<managed-bean-class>com.ust_global.test</managed-bean-class>
		<managed-bean-scope>session</managed-bean-scope>
	</managed-bean>
	<navigation-rule>
		<from-view-id>/UserSignIN.jsp</from-view-id>
		<navigation-case>
			<from-outcome>LoginHomes</from-outcome>
			<to-view-id>/SigninSuccess.jsp</to-view-id>
		</navigation-case>
			</navigation-rule>
		<navigation-rule>
		<from-view-id>/UserLogin.jsp</from-view-id>
		<navigation-case>
			<from-outcome>LoginHome</from-outcome>
			<to-view-id>/SearchingHomePage.jsp</to-view-id>
		</navigation-case>
		<navigation-case>
			<from-outcome>LoginFailure</from-outcome>
			<to-view-id>/UserLoginFailure.jsp</to-view-id>
		</navigation-case>
			</navigation-rule>
				<navigation-rule>
		<from-view-id>/SearchingHomePage.jsp</from-view-id>
		<navigation-case>
			<from-outcome>SearchbyBookName</from-outcome>
			<to-view-id>/SearchByBookName.jsp</to-view-id>
		</navigation-case>
		<navigation-case>
			<from-outcome>SearchByBookCategory</from-outcome>
			<to-view-id>/SearchByBookCategory.jsp</to-view-id>
		</navigation-case>
		<navigation-case>
			<from-outcome>SearchBooksByAuthor</from-outcome>
			<to-view-id>/SearchByBookAuthor.jsp</to-view-id>
		</navigation-case>
		<navigation-case>
			<from-outcome>failed</from-outcome>
			<to-view-id>/Searchfailure.jsp</to-view-id>
		</navigation-case>
	</navigation-rule>
<navigation-rule>
	<from-view-id>/SearchByBookName.jsp</from-view-id>
		<navigation-case>
			<from-outcome>SearchbyID</from-outcome>
			<to-view-id>/IssueBook.jsp</to-view-id>
		</navigation-case>
	</navigation-rule>	
<navigation-rule>
	<from-view-id>/SearchByBookCategory.jsp</from-view-id>
		<navigation-case>
			<from-outcome>SearchbyID</from-outcome>
			<to-view-id>/IssueBook.jsp</to-view-id>
		</navigation-case>
	</navigation-rule>	
	<navigation-rule>
	<from-view-id>/SearchByBookAuthor.jsp</from-view-id>
		<navigation-case>
			<from-outcome>SearchbyID</from-outcome>
			<to-view-id>/IssueBook.jsp</to-view-id>
		</navigation-case>
	</navigation-rule>
	<navigation-rule>
	<from-view-id>/IssueBook.jsp</from-view-id>
		<navigation-case>
			<from-outcome>SearchbyLoginId</from-outcome>
			<to-view-id>/Showbook.jsp</to-view-id>
		</navigation-case>
	</navigation-rule>
	<navigation-rule>
	<from-view-id>/Showbook.jsp</from-view-id>
		<navigation-case>
			<from-outcome>Fines</from-outcome>
			<to-view-id>/FineCalculation.jsp</to-view-id>
		</navigation-case>
	</navigation-rule>
	<navigation-rule>
	  <from-view-id>/Showbook.jsp</from-view-id>
		<navigation-case>
		<from-outcome>Returned</from-outcome>
		<to-view-id>/SuccessReturn.jsp</to-view-id>
		</navigation-case>
		</navigation-rule>
		
	<navigation-rule>
	  <from-view-id>/Showbook.jsp</from-view-id>
		<navigation-case>
		<from-outcome>failed1</from-outcome>
		<to-view-id>/AlreadyReturn.jsp</to-view-id>
		</navigation-case>
		</navigation-rule>
		<navigation-rule>
	  <from-view-id>/Showbook.jsp</from-view-id>
		<navigation-case>
		<from-outcome>failed1</from-outcome>
		<to-view-id>/AlreadyReturn.jsp</to-view-id>
		</navigation-case>
		</navigation-rule>
	<navigation-rule>
	  <from-view-id>/SearchingHomePage.jsp</from-view-id>
		<navigation-case>
		<from-outcome>SearchbyLoginId</from-outcome>
		<to-view-id>/Showbook.jsp</to-view-id>
		</navigation-case>
		</navigation-rule>
	<navigation-rule>
	  <from-view-id>/SearchingHomePage.jsp</from-view-id>
		<navigation-case>
		<from-outcome>AdminLogout1</from-outcome>
		<to-view-id>/UserLogin.jsp</to-view-id>
		</navigation-case>
		</navigation-rule>
		
		<navigation-rule>
	  <from-view-id>/UserPassWordReset.jsp</from-view-id>
		<navigation-case>
		<from-outcome>passwordreset</from-outcome>
		<to-view-id>/UserPasswordResetSucess.jsp</to-view-id>
		</navigation-case>
			<navigation-case>
		<from-outcome>resetFailed</from-outcome>
		<to-view-id>/UserForfetPassWordFailed.jsp</to-view-id>
		</navigation-case>
		</navigation-rule>
		
		
		<managed-bean>
		<managed-bean-name>UserBean</managed-bean-name>
		<managed-bean-class>com.ust_global.UserBean</managed-bean-class>
		<managed-bean-scope>session</managed-bean-scope>
	</managed-bean>
		<navigation-rule>
	  <from-view-id>/AdminLogin.jsp</from-view-id>
		<navigation-case>
		<from-outcome>AdminLogin</from-outcome>
		<to-view-id>/AdminHome.jsp</to-view-id>
		</navigation-case>
		<navigation-case>
		<from-outcome>AdminLoginFailure</from-outcome>
		<to-view-id>/AdminLoginFailure.jsp</to-view-id>
		</navigation-case>
	</navigation-rule>
	<navigation-rule>
	  <from-view-id>/AdminHome.jsp</from-view-id>
		<navigation-case>
		<from-outcome>readUserByLoginID</from-outcome>
		<to-view-id>/AdminSearchByUserLoginId.jsp</to-view-id>
		</navigation-case>
		<navigation-case>
		<from-outcome>readUserByUserName</from-outcome>
		<to-view-id>/AdminSearchByUserName.jsp</to-view-id>
		</navigation-case>
		<navigation-case>
		<from-outcome>deleted</from-outcome>
		<to-view-id>/AdminDeleteUser.jsp</to-view-id>
		</navigation-case>
		<navigation-case>
			<from-outcome>added</from-outcome>
			<to-view-id>/AdminHome.jsp</to-view-id>
		</navigation-case>
		<navigation-case>
			<from-outcome>fails</from-outcome>
			<to-view-id>/AddingFailure.jsp</to-view-id>
		</navigation-case>
		<navigation-case>
			<from-outcome>updated</from-outcome>
			<to-view-id>/Update.jsp</to-view-id>
		</navigation-case>
		<navigation-case>
			<from-outcome>deleted</from-outcome>
			<to-view-id>/Delete.jsp</to-view-id>
		</navigation-case>
			<navigation-case>
		<from-outcome>failed</from-outcome>
		<to-view-id>/AdminFailure.jsp</to-view-id>
		</navigation-case>
	</navigation-rule>
		<navigation-rule>
	  <from-view-id>/AdminHome.jsp</from-view-id>
		<navigation-case>
		<from-outcome>AdminLogout1</from-outcome>
		<to-view-id>/AdminLogin.jsp</to-view-id>
		</navigation-case>
		</navigation-rule>
		
	</faces-config>