<?xml version="1.0" encoding="UTF-8"?>
<faces-config
    xmlns="http://java.sun.com/xml/ns/javaee"
    xmlns:xsi="http://www.w3.org/2001/XMLSchema-instance"
    xsi:schemaLocation="http://java.sun.com/xml/ns/javaee http://java.sun.com/xml/ns/javaee/web-facesconfig_1_2.xsd"
    version="1.2">
    <managed-bean>
    <managed-bean-name>BookIssueBean</managed-bean-name>
    <managed-bean-class>com.ust_global.BookIssueBean</managed-bean-class>
    <managed-bean-scope>request</managed-bean-scope>
    </managed-bean>
    
    
   <navigation-rule>  
    
   <from-view-id>/BookIssueHome.jsp</from-view-id>
    <navigation-case>
   <from-outcome>dataAdded</from-outcome>
   <to-view-id>/BookIssueAdded.jsp</to-view-id>   
    
    </navigation-case>
    
    
   <navigation-case>
     <from-outcome>failed</from-outcome>
   <to-view-id>/BookIssueFailure.jsp</to-view-id>   
    </navigation-case>
    
    <navigation-case>
   <from-outcome>readAllData</from-outcome>
   <to-view-id>/BookIssueReadData.jsp</to-view-id>   
    
    </navigation-case>
  
    
    
    
    
    
    </navigation-rule>
  </faces-config>
    